"","site","rate"
"1",4,0.1438
"2",5,0.0116
"3",6,0.02358
"4",7,0.01253
"5",8,0.02519
"6",9,0.01505
"7",10,0.01221
"8",11,0.01304
"9",12,0.0116
"10",18,0.1327
"11",19,0.02519
"12",20,0.01475
"13",21,0.1505
"14",22,0.02358
"15",23,0.157
"16",24,0.02358
"17",25,0.01253
"18",26,0.01304
"19",27,0.01253
"20",28,0.01639
"21",29,0.02358
"22",30,0.01253
"23",31,0.2902
"24",32,0.01357
"25",33,0.0116
"26",34,0.02298
"27",35,0.04729
"28",36,0.01357
"29",37,0.0116
"30",38,0.0116
"31",39,0.01714
"32",40,0.02358
"33",41,0.01242
"34",42,0.01242
"35",43,0.02298
"36",44,0.01304
"37",45,0.01071
"38",46,0.2867
"39",47,0.2255
"40",48,0.02358
"41",49,0.1861
"42",50,0.02298
"43",51,0.01483
"44",52,0.02102
"45",53,0.3049
"46",54,0.04729
"47",55,0.02358
"48",56,0.01071
"49",57,0.01253
"50",58,0.2089
"51",59,0.1986
"52",60,0.01483
"53",61,0.01505
"54",62,0.02298
"55",63,0.02679
"56",64,0.02519
"57",65,0.02358
"58",66,0.02358
"59",67,0.02102
"60",68,0.04729
"61",69,0.01714
"62",70,0.02298
"63",71,0.2034
"64",72,0.9999
"65",73,0.4067
"66",74,0.04729
"67",75,0.01207
"68",76,0.2849
"69",77,0.7549
"70",78,0.01483
"71",79,0.01639
"72",80,0.01253
"73",81,0.01475
"74",82,0.01304
"75",83,0.01221
"76",84,0.01253
"77",85,0.1545
"78",86,0.4002
"79",87,0.02102
"80",88,0.02358
"81",89,1.027
"82",90,0.282
"83",91,0.3217
"84",92,0.4027
"85",93,0.01207
"86",94,0.01253
"87",95,0.1782
"88",96,0.0116
"89",97,0.01714
"90",98,0.02102
"91",99,0.02358
"92",100,0.01253
"93",101,0.02397
"94",102,0.01714
"95",103,0.0116
"96",104,0.02102
"97",105,0.2106
"98",106,0.02358
"99",107,0.01639
"100",108,0.01221
"101",109,0.02358
"102",110,0.1508
"103",111,0.01253
"104",112,0.0116
"105",113,0.02298
"106",114,0.01483
"107",115,0.323
"108",116,0.2505
"109",117,0.0116
"110",118,0.02358
"111",119,0.0116
"112",120,0.01071
"113",121,0.02358
"114",122,0.01071
"115",123,0.02102
"116",124,0.01221
"117",125,0.01253
"118",126,0.01483
"119",127,0.2072
"120",128,0.1457
"121",129,0.2844
"122",130,0.01483
"123",131,0.01253
"124",132,0.01221
"125",133,0.02358
"126",134,0.02298
"127",135,0.02519
"128",136,0.02358
"129",137,0.01207
"130",138,0.02358
"131",139,0.01253
"132",140,0.2875
"133",141,0.01304
"134",142,0.02102
"135",143,0.417
"136",144,0.02358
"137",145,0.6612
"138",146,0.02519
"139",147,0.4342
"140",148,0.01071
"141",149,0.01242
"142",150,0.01221
"143",151,0.01253
"144",152,0.01475
"145",153,0.02358
"146",154,0.01639
"147",155,0.01505
