"","res_num","entropy"
"1",4,0.0272824787468
"2",5,0
"3",6,0
"4",7,0
"5",8,0
"6",9,0
"7",10,0
"8",11,0
"9",12,0
"10",18,0.0272824787468
"11",19,0
"12",20,0
"13",21,0.0272824787468
"14",22,0
"15",23,0.102278454263
"16",24,0
"17",25,0
"18",26,0
"19",27,0
"20",28,0
"21",29,0
"22",30,0
"23",31,0.0272824787468
"24",32,0
"25",33,0
"26",34,0
"27",35,0
"28",36,0
"29",37,0
"30",38,0
"31",39,0
"32",40,0
"33",41,0
"34",42,0
"35",43,0
"36",44,0
"37",45,0
"38",46,0.0272824787468
"39",47,0.0856249633913
"40",48,0
"41",49,0.0272824787468
"42",50,0
"43",51,0
"44",52,0
"45",53,0.0272824787468
"46",54,0
"47",55,0
"48",56,0
"49",57,0
"50",58,0.0856249633913
"51",59,0.0272824787468
"52",60,0
"53",61,0
"54",62,0
"55",63,0
"56",64,0
"57",65,0
"58",66,0
"59",67,0
"60",68,0
"61",69,0
"62",70,0
"63",71,0.0272824787468
"64",72,0.228857767127
"65",73,0.0486977352913
"66",74,0
"67",75,0
"68",76,0.0272824787468
"69",77,0.429201900327
"70",78,0
"71",79,0
"72",80,0
"73",81,0
"74",82,0
"75",83,0
"76",84,0
"77",85,0.0856249633913
"78",86,0.0856249633913
"79",87,0
"80",88,0
"81",89,0.203252595869
"82",90,0.0951158519081
"83",91,0.153295350575
"84",92,0.102278454263
"85",93,0
"86",94,0
"87",95,0.0486977352913
"88",96,0
"89",97,0
"90",98,0
"91",99,0
"92",100,0
"93",101,0
"94",102,0
"95",103,0
"96",104,0
"97",105,0.102278454263
"98",106,0
"99",107,0
"100",108,0
"101",109,0
"102",110,0.0272824787468
"103",111,0
"104",112,0
"105",113,0
"106",114,0
"107",115,0.327855401791
"108",116,0.0486977352913
"109",117,0
"110",118,0
"111",119,0
"112",120,0
"113",121,0
"114",122,0
"115",123,0
"116",124,0
"117",125,0
"118",126,0
"119",127,0.0486977352913
"120",128,0.0486977352913
"121",129,0.0272824787468
"122",130,0
"123",131,0
"124",132,0
"125",133,0
"126",134,0
"127",135,0
"128",136,0
"129",137,0
"130",138,0
"131",139,0
"132",140,0.0545470785871
"133",141,0
"134",142,0
"135",143,0.0678872387735
"136",144,0
"137",145,0.147562794522
"138",146,0
"139",147,0.112835467418
"140",148,0
"141",149,0
"142",150,0
"143",151,0
"144",152,0
"145",153,0
"146",154,0
"147",155,0
