"","res_num","entropy"
"1",208,0
"2",209,0
"3",210,0
"4",211,0
"5",212,0
"6",213,0
"7",214,0
"8",215,0
"9",216,0
"10",217,0
"11",218,0
"12",219,0
"13",220,0
"14",221,0
"15",222,0
"16",223,0
"17",224,0
"18",225,0
"19",226,0
"20",227,0
"21",228,0
"22",229,0
"23",230,0
"24",231,0
"25",232,0
"26",233,0
"27",234,0
"28",235,0
"29",236,0
"30",237,0
"31",238,0
"32",239,0
"33",240,0
"34",241,0
"35",242,0
"36",243,0
"37",244,0
"38",245,0
"39",246,0
"40",247,0
"41",248,0
"42",249,0
"43",250,0
"44",251,0
"45",252,0
"46",253,0
"47",254,0
"48",255,0
"49",256,0
"50",257,0
"51",258,0
"52",259,0
"53",260,0
"54",261,0
"55",262,0.11251593412
"56",263,0
"57",264,0
"58",265,0
"59",266,0
"60",267,0
"61",268,0
"62",269,0
"63",270,0
"64",271,0
"65",272,0
"66",273,0
"67",274,0
"68",275,0
"69",276,0
"70",277,0
"71",278,0
"72",279,0.626275092435
"73",280,0
"74",281,0
"75",282,0
"76",283,0
"77",284,0
"78",285,0.519579839131
"79",286,0
"80",287,0
"81",288,0
"82",289,0.11251593412
"83",290,0
"84",291,0
"85",292,0
"86",293,0
"87",294,0
"88",295,0
"89",296,0.11251593412
"90",297,0
"91",298,0
"92",299,0
"93",300,0
"94",301,0
"95",302,0
"96",303,0
"97",304,0
"98",305,0
"99",306,0
"100",307,0
"101",308,0
"102",309,0
"103",310,0
"104",311,0
"105",312,0
"106",313,0.11251593412
"107",314,0
"108",315,0
"109",316,0
"110",317,0
"111",318,0
"112",319,0
"113",320,0
"114",321,0
"115",322,0.11251593412
"116",323,0
"117",324,0
"118",325,0
"119",326,0
"120",327,0
"121",328,0
"122",329,0
