"","dataset","mean_mean_entropy","sd_mean_entropy","var_mean_entropy","mean_cn_entropy_rho","mean_wcn_entropy_rho","mean_rsa_entropy_rho","mean_rate_cn_rho","mean_rate_wcn_rho","mean_rate_rsa_rho"
"1","enzyme",1.42292307548349,0.298810369966647,0.0892876371996044,-0.44494318761485,-0.431678780531292,0.464286896715823,-0.561523675493198,-0.532928588291884,0.547996236477109
"2","virus",0.0754811014112418,0.081087245217467,0.00657514133695762,-0.21274963780995,-0.216951185282131,0.236527944372148,-0.171863156186798,-0.191623519885867,0.189919083433262
